<annotation verified="yes">
	<folder>Cans- Heather</folder>
	<filename>IMG20210328004455.jpg</filename>
	<path>C:\Users\Heather\Pictures\cans\Cans- Heather\IMG20210328004455.jpg</path>
	<source>
		<database>Unknown</database>
	</source>
	<size>
		<width>1280</width>
		<height>720</height>
		<depth>3</depth>
	</size>
	<segmented>0</segmented>
	<object>
		<name>Can</name>
		<pose>Unspecified</pose>
		<truncated>0</truncated>
		<difficult>0</difficult>
		<bndbox>
			<xmin>511</xmin>
			<ymin>247</ymin>
			<xmax>608</xmax>
			<ymax>487</ymax>
		</bndbox>
	</object>
	<object>
		<name>Can</name>
		<pose>Unspecified</pose>
		<truncated>0</truncated>
		<difficult>0</difficult>
		<bndbox>
			<xmin>504</xmin>
			<ymin>229</ymin>
			<xmax>568</xmax>
			<ymax>417</ymax>
		</bndbox>
	</object>
	<object>
		<name>Can</name>
		<pose>Unspecified</pose>
		<truncated>0</truncated>
		<difficult>0</difficult>
		<bndbox>
			<xmin>600</xmin>
			<ymin>231</ymin>
			<xmax>675</xmax>
			<ymax>451</ymax>
		</bndbox>
	</object>
	<object>
		<name>Can</name>
		<pose>Unspecified</pose>
		<truncated>0</truncated>
		<difficult>0</difficult>
		<bndbox>
			<xmin>645</xmin>
			<ymin>229</ymin>
			<xmax>696</xmax>
			<ymax>376</ymax>
		</bndbox>
	</object>
	<object>
		<name>Can</name>
		<pose>Unspecified</pose>
		<truncated>0</truncated>
		<difficult>0</difficult>
		<bndbox>
			<xmin>687</xmin>
			<ymin>235</ymin>
			<xmax>791</xmax>
			<ymax>461</ymax>
		</bndbox>
	</object>
</annotation>
