<annotation verified="yes">
	<folder>Cans- Heather</folder>
	<filename>IMG20210328003952.jpg</filename>
	<path>C:\Users\Heather\Pictures\cans\Cans- Heather\IMG20210328003952.jpg</path>
	<source>
		<database>Unknown</database>
	</source>
	<size>
		<width>1280</width>
		<height>720</height>
		<depth>3</depth>
	</size>
	<segmented>0</segmented>
	<object>
		<name>Can</name>
		<pose>Unspecified</pose>
		<truncated>0</truncated>
		<difficult>0</difficult>
		<bndbox>
			<xmin>631</xmin>
			<ymin>72</ymin>
			<xmax>825</xmax>
			<ymax>647</ymax>
		</bndbox>
	</object>
</annotation>
