<annotation>
	<folder>Batch1-R</folder>
	<filename>IMG_20210415_115735.jpg</filename>
	<path>C:\Users\james\Desktop\Folder 4\Batch1-R\IMG_20210415_115735.jpg</path>
	<source>
		<database>Unknown</database>
	</source>
	<size>
		<width>720</width>
		<height>1280</height>
		<depth>3</depth>
	</size>
	<segmented>0</segmented>
	<object>
		<name>Can</name>
		<pose>Unspecified</pose>
		<truncated>0</truncated>
		<difficult>0</difficult>
		<bndbox>
			<xmin>61</xmin>
			<ymin>372</ymin>
			<xmax>305</xmax>
			<ymax>861</ymax>
		</bndbox>
	</object>
	<object>
		<name>Can</name>
		<pose>Unspecified</pose>
		<truncated>0</truncated>
		<difficult>0</difficult>
		<bndbox>
			<xmin>308</xmin>
			<ymin>421</ymin>
			<xmax>460</xmax>
			<ymax>817</ymax>
		</bndbox>
	</object>
</annotation>
