<annotation>
	<folder>Batch1-R</folder>
	<filename>IMG_20210415_111848.jpg</filename>
	<path>C:\Users\james\Desktop\Folder 4\Batch1-R\IMG_20210415_111848.jpg</path>
	<source>
		<database>Unknown</database>
	</source>
	<size>
		<width>720</width>
		<height>1280</height>
		<depth>3</depth>
	</size>
	<segmented>0</segmented>
	<object>
		<name>Can</name>
		<pose>Unspecified</pose>
		<truncated>0</truncated>
		<difficult>0</difficult>
		<bndbox>
			<xmin>411</xmin>
			<ymin>549</ymin>
			<xmax>535</xmax>
			<ymax>835</ymax>
		</bndbox>
	</object>
	<object>
		<name>Can</name>
		<pose>Unspecified</pose>
		<truncated>0</truncated>
		<difficult>0</difficult>
		<bndbox>
			<xmin>416</xmin>
			<ymin>509</ymin>
			<xmax>459</xmax>
			<ymax>569</ymax>
		</bndbox>
	</object>
	<object>
		<name>Can</name>
		<pose>Unspecified</pose>
		<truncated>0</truncated>
		<difficult>0</difficult>
		<bndbox>
			<xmin>211</xmin>
			<ymin>615</ymin>
			<xmax>301</xmax>
			<ymax>811</ymax>
		</bndbox>
	</object>
</annotation>
