<annotation>
	<folder>Batch1-R</folder>
	<filename>IMG_20210415_115848.jpg</filename>
	<path>C:\Users\james\Desktop\Folder 4\Batch1-R\IMG_20210415_115848.jpg</path>
	<source>
		<database>Unknown</database>
	</source>
	<size>
		<width>720</width>
		<height>1280</height>
		<depth>3</depth>
	</size>
	<segmented>0</segmented>
	<object>
		<name>Can</name>
		<pose>Unspecified</pose>
		<truncated>0</truncated>
		<difficult>0</difficult>
		<bndbox>
			<xmin>353</xmin>
			<ymin>660</ymin>
			<xmax>588</xmax>
			<ymax>920</ymax>
		</bndbox>
	</object>
	<object>
		<name>Can</name>
		<pose>Unspecified</pose>
		<truncated>0</truncated>
		<difficult>0</difficult>
		<bndbox>
			<xmin>192</xmin>
			<ymin>467</ymin>
			<xmax>451</xmax>
			<ymax>695</ymax>
		</bndbox>
	</object>
	<object>
		<name>Can</name>
		<pose>Unspecified</pose>
		<truncated>0</truncated>
		<difficult>0</difficult>
		<bndbox>
			<xmin>71</xmin>
			<ymin>627</ymin>
			<xmax>268</xmax>
			<ymax>867</ymax>
		</bndbox>
	</object>
</annotation>
