<annotation>
	<folder>Batch1-R</folder>
	<filename>IMG_20210415_115931.jpg</filename>
	<path>C:\Users\james\Desktop\Folder 4\Batch1-R\IMG_20210415_115931.jpg</path>
	<source>
		<database>Unknown</database>
	</source>
	<size>
		<width>720</width>
		<height>1280</height>
		<depth>3</depth>
	</size>
	<segmented>0</segmented>
	<object>
		<name>Can</name>
		<pose>Unspecified</pose>
		<truncated>0</truncated>
		<difficult>0</difficult>
		<bndbox>
			<xmin>60</xmin>
			<ymin>277</ymin>
			<xmax>247</xmax>
			<ymax>516</ymax>
		</bndbox>
	</object>
	<object>
		<name>Can</name>
		<pose>Unspecified</pose>
		<truncated>0</truncated>
		<difficult>0</difficult>
		<bndbox>
			<xmin>247</xmin>
			<ymin>299</ymin>
			<xmax>448</xmax>
			<ymax>537</ymax>
		</bndbox>
	</object>
	<object>
		<name>Can</name>
		<pose>Unspecified</pose>
		<truncated>0</truncated>
		<difficult>0</difficult>
		<bndbox>
			<xmin>351</xmin>
			<ymin>491</ymin>
			<xmax>648</xmax>
			<ymax>696</ymax>
		</bndbox>
	</object>
	<object>
		<name>Can</name>
		<pose>Unspecified</pose>
		<truncated>0</truncated>
		<difficult>0</difficult>
		<bndbox>
			<xmin>141</xmin>
			<ymin>620</ymin>
			<xmax>381</xmax>
			<ymax>781</ymax>
		</bndbox>
	</object>
</annotation>
