<annotation>
	<folder>Batch1-R</folder>
	<filename>IMG_20210415_111231.jpg</filename>
	<path>C:\Users\james\Desktop\Folder 4\Batch1-R\IMG_20210415_111231.jpg</path>
	<source>
		<database>Unknown</database>
	</source>
	<size>
		<width>720</width>
		<height>1280</height>
		<depth>3</depth>
	</size>
	<segmented>0</segmented>
	<object>
		<name>Can</name>
		<pose>Unspecified</pose>
		<truncated>0</truncated>
		<difficult>0</difficult>
		<bndbox>
			<xmin>85</xmin>
			<ymin>399</ymin>
			<xmax>508</xmax>
			<ymax>1193</ymax>
		</bndbox>
	</object>
</annotation>
