<annotation>
	<folder>Batch1-R</folder>
	<filename>IMG_20210415_115937.jpg</filename>
	<path>C:\Users\james\Desktop\Folder 4\Batch1-R\IMG_20210415_115937.jpg</path>
	<source>
		<database>Unknown</database>
	</source>
	<size>
		<width>720</width>
		<height>1280</height>
		<depth>3</depth>
	</size>
	<segmented>0</segmented>
	<object>
		<name>Can</name>
		<pose>Unspecified</pose>
		<truncated>0</truncated>
		<difficult>0</difficult>
		<bndbox>
			<xmin>367</xmin>
			<ymin>551</ymin>
			<xmax>449</xmax>
			<ymax>679</ymax>
		</bndbox>
	</object>
	<object>
		<name>Can</name>
		<pose>Unspecified</pose>
		<truncated>0</truncated>
		<difficult>0</difficult>
		<bndbox>
			<xmin>408</xmin>
			<ymin>661</ymin>
			<xmax>491</xmax>
			<ymax>761</ymax>
		</bndbox>
	</object>
	<object>
		<name>Can</name>
		<pose>Unspecified</pose>
		<truncated>0</truncated>
		<difficult>0</difficult>
		<bndbox>
			<xmin>269</xmin>
			<ymin>707</ymin>
			<xmax>352</xmax>
			<ymax>787</ymax>
		</bndbox>
	</object>
	<object>
		<name>Can</name>
		<pose>Unspecified</pose>
		<truncated>0</truncated>
		<difficult>0</difficult>
		<bndbox>
			<xmin>264</xmin>
			<ymin>628</ymin>
			<xmax>369</xmax>
			<ymax>715</ymax>
		</bndbox>
	</object>
</annotation>
