<annotation>
	<folder>Caels cans 1 pt1</folder>
	<filename>20210328_165628.jpg</filename>
	<path>C:\Users\caelt\Desktop\Uni\year 2\Semester 2\EE297 - Intelligent Systems Project\Caels dataset images\Caels_cans_1_pt1\Caels cans 1 pt1\20210328_165628.jpg</path>
	<source>
		<database>Unknown</database>
	</source>
	<size>
		<width>1280</width>
		<height>720</height>
		<depth>3</depth>
	</size>
	<segmented>0</segmented>
	<object>
		<name>Can</name>
		<pose>Unspecified</pose>
		<truncated>0</truncated>
		<difficult>0</difficult>
		<bndbox>
			<xmin>527</xmin>
			<ymin>34</ymin>
			<xmax>778</xmax>
			<ymax>562</ymax>
		</bndbox>
	</object>
</annotation>
