<annotation>
	<folder>Caels cans 1</folder>
	<filename>20210328_170129.jpg</filename>
	<path>C:\Users\Heather\Downloads\Caels cans 1\20210328_170129.jpg</path>
	<source>
		<database>Unknown</database>
	</source>
	<size>
		<width>1280</width>
		<height>720</height>
		<depth>3</depth>
	</size>
	<segmented>0</segmented>
	<object>
		<name>Can</name>
		<pose>Unspecified</pose>
		<truncated>0</truncated>
		<difficult>0</difficult>
		<bndbox>
			<xmin>434</xmin>
			<ymin>127</ymin>
			<xmax>756</xmax>
			<ymax>505</ymax>
		</bndbox>
	</object>
</annotation>
