<annotation>
	<folder>Batch1-R</folder>
	<filename>172268791_448209442912637_4054839331112858503_n.jpg</filename>
	<path>C:\Users\james\Desktop\Folder 4\Batch1-R\172268791_448209442912637_4054839331112858503_n.jpg</path>
	<source>
		<database>Unknown</database>
	</source>
	<size>
		<width>720</width>
		<height>1280</height>
		<depth>3</depth>
	</size>
	<segmented>0</segmented>
	<object>
		<name>Can</name>
		<pose>Unspecified</pose>
		<truncated>0</truncated>
		<difficult>0</difficult>
		<bndbox>
			<xmin>256</xmin>
			<ymin>817</ymin>
			<xmax>431</xmax>
			<ymax>1119</ymax>
		</bndbox>
	</object>
</annotation>
