<annotation>
	<folder>Batch1-R</folder>
	<filename>173135813_769493973588920_5375900464804793762_n.jpg</filename>
	<path>C:\Users\james\Desktop\Folder 4\Batch1-R\173135813_769493973588920_5375900464804793762_n.jpg</path>
	<source>
		<database>Unknown</database>
	</source>
	<size>
		<width>720</width>
		<height>1280</height>
		<depth>3</depth>
	</size>
	<segmented>0</segmented>
	<object>
		<name>Can</name>
		<pose>Unspecified</pose>
		<truncated>1</truncated>
		<difficult>0</difficult>
		<bndbox>
			<xmin>300</xmin>
			<ymin>1</ymin>
			<xmax>511</xmax>
			<ymax>347</ymax>
		</bndbox>
	</object>
	<object>
		<name>Can</name>
		<pose>Unspecified</pose>
		<truncated>0</truncated>
		<difficult>0</difficult>
		<bndbox>
			<xmin>4</xmin>
			<ymin>581</ymin>
			<xmax>269</xmax>
			<ymax>735</ymax>
		</bndbox>
	</object>
</annotation>
