<annotation>
	<folder>Batch1-R</folder>
	<filename>173461738_137678474984119_6746004744037873313_n.jpg</filename>
	<path>C:\Users\james\Desktop\Folder 4\Batch1-R\173461738_137678474984119_6746004744037873313_n.jpg</path>
	<source>
		<database>Unknown</database>
	</source>
	<size>
		<width>720</width>
		<height>1280</height>
		<depth>3</depth>
	</size>
	<segmented>0</segmented>
	<object>
		<name>Can</name>
		<pose>Unspecified</pose>
		<truncated>0</truncated>
		<difficult>0</difficult>
		<bndbox>
			<xmin>85</xmin>
			<ymin>529</ymin>
			<xmax>397</xmax>
			<ymax>1019</ymax>
		</bndbox>
	</object>
</annotation>
