<annotation>
	<folder>R1</folder>
	<filename>173472111_464190694807610_4149247737668315562_n.jpg</filename>
	<path>C:\Users\james\Desktop\Folder 4\R1\173472111_464190694807610_4149247737668315562_n.jpg</path>
	<source>
		<database>Unknown</database>
	</source>
	<size>
		<width>720</width>
		<height>1280</height>
		<depth>3</depth>
	</size>
	<segmented>0</segmented>
	<object>
		<name>Can</name>
		<pose>Unspecified</pose>
		<truncated>0</truncated>
		<difficult>0</difficult>
		<bndbox>
			<xmin>277</xmin>
			<ymin>323</ymin>
			<xmax>425</xmax>
			<ymax>420</ymax>
		</bndbox>
	</object>
</annotation>
