<annotation>
	<folder>R1</folder>
	<filename>173583963_325367832268445_1616352156312707409_n.jpg</filename>
	<path>C:\Users\james\Desktop\Folder 4\R1\173583963_325367832268445_1616352156312707409_n.jpg</path>
	<source>
		<database>Unknown</database>
	</source>
	<size>
		<width>720</width>
		<height>1280</height>
		<depth>3</depth>
	</size>
	<segmented>0</segmented>
	<object>
		<name>Can</name>
		<pose>Unspecified</pose>
		<truncated>1</truncated>
		<difficult>0</difficult>
		<bndbox>
			<xmin>403</xmin>
			<ymin>720</ymin>
			<xmax>687</xmax>
			<ymax>1280</ymax>
		</bndbox>
	</object>
</annotation>
