<annotation>
	<folder>Batch1-R</folder>
	<filename>173599965_516093052776469_9000867305791012970_n.jpg</filename>
	<path>C:\Users\james\Desktop\Folder 4\Batch1-R\173599965_516093052776469_9000867305791012970_n.jpg</path>
	<source>
		<database>Unknown</database>
	</source>
	<size>
		<width>720</width>
		<height>1280</height>
		<depth>3</depth>
	</size>
	<segmented>0</segmented>
	<object>
		<name>Can</name>
		<pose>Unspecified</pose>
		<truncated>1</truncated>
		<difficult>0</difficult>
		<bndbox>
			<xmin>1</xmin>
			<ymin>520</ymin>
			<xmax>421</xmax>
			<ymax>1076</ymax>
		</bndbox>
	</object>
</annotation>
