<annotation>
	<folder>R1</folder>
	<filename>173577191_469442797626641_6530508901719260394_n.jpg</filename>
	<path>C:\Users\james\Desktop\Folder 4\R1\173577191_469442797626641_6530508901719260394_n.jpg</path>
	<source>
		<database>Unknown</database>
	</source>
	<size>
		<width>720</width>
		<height>1280</height>
		<depth>3</depth>
	</size>
	<segmented>0</segmented>
	<object>
		<name>Can</name>
		<pose>Unspecified</pose>
		<truncated>0</truncated>
		<difficult>0</difficult>
		<bndbox>
			<xmin>289</xmin>
			<ymin>348</ymin>
			<xmax>433</xmax>
			<ymax>423</ymax>
		</bndbox>
	</object>
</annotation>
