<annotation>
	<folder>Batch1-R</folder>
	<filename>173577888_731085517563127_5919096367792354919_n.jpg</filename>
	<path>C:\Users\james\Desktop\Folder 4\Batch1-R\173577888_731085517563127_5919096367792354919_n.jpg</path>
	<source>
		<database>Unknown</database>
	</source>
	<size>
		<width>720</width>
		<height>1280</height>
		<depth>3</depth>
	</size>
	<segmented>0</segmented>
	<object>
		<name>Can</name>
		<pose>Unspecified</pose>
		<truncated>0</truncated>
		<difficult>0</difficult>
		<bndbox>
			<xmin>437</xmin>
			<ymin>701</ymin>
			<xmax>501</xmax>
			<ymax>760</ymax>
		</bndbox>
	</object>
	<object>
		<name>Can</name>
		<pose>Unspecified</pose>
		<truncated>0</truncated>
		<difficult>0</difficult>
		<bndbox>
			<xmin>492</xmin>
			<ymin>739</ymin>
			<xmax>567</xmax>
			<ymax>793</ymax>
		</bndbox>
	</object>
	<object>
		<name>Can</name>
		<pose>Unspecified</pose>
		<truncated>0</truncated>
		<difficult>0</difficult>
		<bndbox>
			<xmin>524</xmin>
			<ymin>795</ymin>
			<xmax>600</xmax>
			<ymax>900</ymax>
		</bndbox>
	</object>
	<object>
		<name>Can</name>
		<pose>Unspecified</pose>
		<truncated>0</truncated>
		<difficult>0</difficult>
		<bndbox>
			<xmin>469</xmin>
			<ymin>815</ymin>
			<xmax>559</xmax>
			<ymax>1005</ymax>
		</bndbox>
	</object>
	<object>
		<name>Can</name>
		<pose>Unspecified</pose>
		<truncated>0</truncated>
		<difficult>0</difficult>
		<bndbox>
			<xmin>381</xmin>
			<ymin>837</ymin>
			<xmax>491</xmax>
			<ymax>999</ymax>
		</bndbox>
	</object>
</annotation>
