<annotation>
	<folder>Batch1-R</folder>
	<filename>173684505_4009792962413347_2182314247846346689_n (1).jpg</filename>
	<path>C:\Users\james\Desktop\Folder 4\Batch1-R\173684505_4009792962413347_2182314247846346689_n (1).jpg</path>
	<source>
		<database>Unknown</database>
	</source>
	<size>
		<width>720</width>
		<height>1280</height>
		<depth>3</depth>
	</size>
	<segmented>0</segmented>
	<object>
		<name>Can</name>
		<pose>Unspecified</pose>
		<truncated>0</truncated>
		<difficult>0</difficult>
		<bndbox>
			<xmin>41</xmin>
			<ymin>563</ymin>
			<xmax>288</xmax>
			<ymax>1059</ymax>
		</bndbox>
	</object>
</annotation>
