<annotation>
	<folder>R1</folder>
	<filename>173604174_460126925266606_1328719280159403031_n.jpg</filename>
	<path>C:\Users\james\Desktop\Folder 4\R1\173604174_460126925266606_1328719280159403031_n.jpg</path>
	<source>
		<database>Unknown</database>
	</source>
	<size>
		<width>720</width>
		<height>1280</height>
		<depth>3</depth>
	</size>
	<segmented>0</segmented>
	<object>
		<name>Can</name>
		<pose>Unspecified</pose>
		<truncated>0</truncated>
		<difficult>0</difficult>
		<bndbox>
			<xmin>373</xmin>
			<ymin>680</ymin>
			<xmax>444</xmax>
			<ymax>849</ymax>
		</bndbox>
	</object>
	<object>
		<name>Can</name>
		<pose>Unspecified</pose>
		<truncated>0</truncated>
		<difficult>0</difficult>
		<bndbox>
			<xmin>489</xmin>
			<ymin>608</ymin>
			<xmax>559</xmax>
			<ymax>757</ymax>
		</bndbox>
	</object>
	<object>
		<name>Can</name>
		<pose>Unspecified</pose>
		<truncated>0</truncated>
		<difficult>0</difficult>
		<bndbox>
			<xmin>481</xmin>
			<ymin>760</ymin>
			<xmax>549</xmax>
			<ymax>904</ymax>
		</bndbox>
	</object>
</annotation>
