<annotation>
	<folder>R1</folder>
	<filename>173668907_491595868648058_8328586507142618105_n.jpg</filename>
	<path>C:\Users\james\Desktop\Folder 4\R1\173668907_491595868648058_8328586507142618105_n.jpg</path>
	<source>
		<database>Unknown</database>
	</source>
	<size>
		<width>720</width>
		<height>1280</height>
		<depth>3</depth>
	</size>
	<segmented>0</segmented>
	<object>
		<name>Can</name>
		<pose>Unspecified</pose>
		<truncated>0</truncated>
		<difficult>0</difficult>
		<bndbox>
			<xmin>337</xmin>
			<ymin>551</ymin>
			<xmax>457</xmax>
			<ymax>620</ymax>
		</bndbox>
	</object>
</annotation>
