<annotation>
	<folder>R1</folder>
	<filename>173661847_1105953026557835_5673108277246052511_n.jpg</filename>
	<path>C:\Users\james\Desktop\Folder 4\R1\173661847_1105953026557835_5673108277246052511_n.jpg</path>
	<source>
		<database>Unknown</database>
	</source>
	<size>
		<width>720</width>
		<height>1280</height>
		<depth>3</depth>
	</size>
	<segmented>0</segmented>
	<object>
		<name>Can</name>
		<pose>Unspecified</pose>
		<truncated>0</truncated>
		<difficult>0</difficult>
		<bndbox>
			<xmin>292</xmin>
			<ymin>365</ymin>
			<xmax>432</xmax>
			<ymax>429</ymax>
		</bndbox>
	</object>
</annotation>
