<annotation>
	<folder>Batch 2</folder>
	<filename>173770915_1124913551345708_6467671111750992619_n.jpg</filename>
	<path>C:\Users\james\Desktop\Folder 4\Batch 2\173770915_1124913551345708_6467671111750992619_n.jpg</path>
	<source>
		<database>Unknown</database>
	</source>
	<size>
		<width>720</width>
		<height>1280</height>
		<depth>3</depth>
	</size>
	<segmented>0</segmented>
	<object>
		<name>Can</name>
		<pose>Unspecified</pose>
		<truncated>0</truncated>
		<difficult>0</difficult>
		<bndbox>
			<xmin>96</xmin>
			<ymin>251</ymin>
			<xmax>553</xmax>
			<ymax>661</ymax>
		</bndbox>
	</object>
</annotation>
