<annotation>
	<folder>R1</folder>
	<filename>173714678_792027708402010_7117111522120621378_n.jpg</filename>
	<path>C:\Users\james\Desktop\Folder 4\R1\173714678_792027708402010_7117111522120621378_n.jpg</path>
	<source>
		<database>Unknown</database>
	</source>
	<size>
		<width>720</width>
		<height>1280</height>
		<depth>3</depth>
	</size>
	<segmented>0</segmented>
	<object>
		<name>Can</name>
		<pose>Unspecified</pose>
		<truncated>0</truncated>
		<difficult>0</difficult>
		<bndbox>
			<xmin>33</xmin>
			<ymin>483</ymin>
			<xmax>289</xmax>
			<ymax>769</ymax>
		</bndbox>
	</object>
</annotation>
