<annotation>
	<folder>R1</folder>
	<filename>173755443_304785510987378_1743215226172024763_n.jpg</filename>
	<path>C:\Users\james\Desktop\Folder 4\R1\173755443_304785510987378_1743215226172024763_n.jpg</path>
	<source>
		<database>Unknown</database>
	</source>
	<size>
		<width>720</width>
		<height>1280</height>
		<depth>3</depth>
	</size>
	<segmented>0</segmented>
	<object>
		<name>Can</name>
		<pose>Unspecified</pose>
		<truncated>0</truncated>
		<difficult>0</difficult>
		<bndbox>
			<xmin>323</xmin>
			<ymin>596</ymin>
			<xmax>429</xmax>
			<ymax>684</ymax>
		</bndbox>
	</object>
	<object>
		<name>Can</name>
		<pose>Unspecified</pose>
		<truncated>0</truncated>
		<difficult>0</difficult>
		<bndbox>
			<xmin>411</xmin>
			<ymin>627</ymin>
			<xmax>593</xmax>
			<ymax>748</ymax>
		</bndbox>
	</object>
</annotation>
