<annotation>
	<folder>R1</folder>
	<filename>173739471_469383107541955_8793782701853949901_n.jpg</filename>
	<path>C:\Users\james\Desktop\Folder 4\R1\173739471_469383107541955_8793782701853949901_n.jpg</path>
	<source>
		<database>Unknown</database>
	</source>
	<size>
		<width>720</width>
		<height>1280</height>
		<depth>3</depth>
	</size>
	<segmented>0</segmented>
	<object>
		<name>Can</name>
		<pose>Unspecified</pose>
		<truncated>0</truncated>
		<difficult>0</difficult>
		<bndbox>
			<xmin>325</xmin>
			<ymin>413</ymin>
			<xmax>387</xmax>
			<ymax>549</ymax>
		</bndbox>
	</object>
</annotation>
