<annotation>
	<folder>R1</folder>
	<filename>173856585_754272595283546_4885329979089940835_n.jpg</filename>
	<path>C:\Users\james\Desktop\Folder 4\R1\173856585_754272595283546_4885329979089940835_n.jpg</path>
	<source>
		<database>Unknown</database>
	</source>
	<size>
		<width>720</width>
		<height>1280</height>
		<depth>3</depth>
	</size>
	<segmented>0</segmented>
	<object>
		<name>Can</name>
		<pose>Unspecified</pose>
		<truncated>0</truncated>
		<difficult>0</difficult>
		<bndbox>
			<xmin>171</xmin>
			<ymin>627</ymin>
			<xmax>284</xmax>
			<ymax>747</ymax>
		</bndbox>
	</object>
	<object>
		<name>Can</name>
		<pose>Unspecified</pose>
		<truncated>0</truncated>
		<difficult>0</difficult>
		<bndbox>
			<xmin>400</xmin>
			<ymin>644</ymin>
			<xmax>520</xmax>
			<ymax>761</ymax>
		</bndbox>
	</object>
</annotation>
