<annotation>
	<folder>Batch1-R</folder>
	<filename>173886164_1167797013660159_6098735523205034348_n.jpg</filename>
	<path>C:\Users\james\Desktop\Folder 4\Batch1-R\173886164_1167797013660159_6098735523205034348_n.jpg</path>
	<source>
		<database>Unknown</database>
	</source>
	<size>
		<width>720</width>
		<height>1280</height>
		<depth>3</depth>
	</size>
	<segmented>0</segmented>
	<object>
		<name>Can</name>
		<pose>Unspecified</pose>
		<truncated>0</truncated>
		<difficult>0</difficult>
		<bndbox>
			<xmin>59</xmin>
			<ymin>395</ymin>
			<xmax>231</xmax>
			<ymax>804</ymax>
		</bndbox>
	</object>
</annotation>
