<annotation>
	<folder>R1</folder>
	<filename>173818526_289571572608978_7877220433397739732_n.jpg</filename>
	<path>C:\Users\james\Desktop\Folder 4\R1\173818526_289571572608978_7877220433397739732_n.jpg</path>
	<source>
		<database>Unknown</database>
	</source>
	<size>
		<width>720</width>
		<height>1280</height>
		<depth>3</depth>
	</size>
	<segmented>0</segmented>
	<object>
		<name>Can</name>
		<pose>Unspecified</pose>
		<truncated>0</truncated>
		<difficult>0</difficult>
		<bndbox>
			<xmin>153</xmin>
			<ymin>575</ymin>
			<xmax>241</xmax>
			<ymax>776</ymax>
		</bndbox>
	</object>
</annotation>
