<annotation>
	<folder>R1</folder>
	<filename>173877145_491566595358994_8035644727256885036_n.jpg</filename>
	<path>C:\Users\james\Desktop\Folder 4\R1\173877145_491566595358994_8035644727256885036_n.jpg</path>
	<source>
		<database>Unknown</database>
	</source>
	<size>
		<width>720</width>
		<height>1280</height>
		<depth>3</depth>
	</size>
	<segmented>0</segmented>
	<object>
		<name>Can</name>
		<pose>Unspecified</pose>
		<truncated>0</truncated>
		<difficult>0</difficult>
		<bndbox>
			<xmin>197</xmin>
			<ymin>475</ymin>
			<xmax>292</xmax>
			<ymax>713</ymax>
		</bndbox>
	</object>
</annotation>
