<annotation>
	<folder>R1</folder>
	<filename>173879036_759617988044798_2138104633608279349_n.jpg</filename>
	<path>C:\Users\james\Desktop\Folder 4\R1\173879036_759617988044798_2138104633608279349_n.jpg</path>
	<source>
		<database>Unknown</database>
	</source>
	<size>
		<width>720</width>
		<height>1280</height>
		<depth>3</depth>
	</size>
	<segmented>0</segmented>
	<object>
		<name>Can</name>
		<pose>Unspecified</pose>
		<truncated>0</truncated>
		<difficult>0</difficult>
		<bndbox>
			<xmin>259</xmin>
			<ymin>479</ymin>
			<xmax>327</xmax>
			<ymax>651</ymax>
		</bndbox>
	</object>
</annotation>
