<annotation>
	<folder>R1</folder>
	<filename>173874730_462747881471917_6838968195667001957_n.jpg</filename>
	<path>C:\Users\james\Desktop\Folder 4\R1\173874730_462747881471917_6838968195667001957_n.jpg</path>
	<source>
		<database>Unknown</database>
	</source>
	<size>
		<width>720</width>
		<height>1280</height>
		<depth>3</depth>
	</size>
	<segmented>0</segmented>
	<object>
		<name>Can</name>
		<pose>Unspecified</pose>
		<truncated>0</truncated>
		<difficult>0</difficult>
		<bndbox>
			<xmin>388</xmin>
			<ymin>627</ymin>
			<xmax>657</xmax>
			<ymax>889</ymax>
		</bndbox>
	</object>
</annotation>
