<annotation>
	<folder>Batch 2</folder>
	<filename>173938320_775953683053503_6155262263991498506_n.jpg</filename>
	<path>C:\Users\james\Desktop\Folder 4\Batch 2\173938320_775953683053503_6155262263991498506_n.jpg</path>
	<source>
		<database>Unknown</database>
	</source>
	<size>
		<width>720</width>
		<height>1280</height>
		<depth>3</depth>
	</size>
	<segmented>0</segmented>
	<object>
		<name>Can</name>
		<pose>Unspecified</pose>
		<truncated>0</truncated>
		<difficult>0</difficult>
		<bndbox>
			<xmin>364</xmin>
			<ymin>627</ymin>
			<xmax>425</xmax>
			<ymax>781</ymax>
		</bndbox>
	</object>
</annotation>
