<annotation>
	<folder>Batch 2</folder>
	<filename>173963145_252172689923598_7247607195421504602_n.jpg</filename>
	<path>C:\Users\james\Desktop\Folder 4\Batch 2\173963145_252172689923598_7247607195421504602_n.jpg</path>
	<source>
		<database>Unknown</database>
	</source>
	<size>
		<width>720</width>
		<height>1280</height>
		<depth>3</depth>
	</size>
	<segmented>0</segmented>
	<object>
		<name>Can</name>
		<pose>Unspecified</pose>
		<truncated>0</truncated>
		<difficult>0</difficult>
		<bndbox>
			<xmin>389</xmin>
			<ymin>523</ymin>
			<xmax>476</xmax>
			<ymax>611</ymax>
		</bndbox>
	</object>
</annotation>
