<annotation>
	<folder>R1</folder>
	<filename>173923195_357597408985262_2907078506483420782_n.jpg</filename>
	<path>C:\Users\james\Desktop\Folder 4\R1\173923195_357597408985262_2907078506483420782_n.jpg</path>
	<source>
		<database>Unknown</database>
	</source>
	<size>
		<width>720</width>
		<height>1280</height>
		<depth>3</depth>
	</size>
	<segmented>0</segmented>
	<object>
		<name>Can</name>
		<pose>Unspecified</pose>
		<truncated>0</truncated>
		<difficult>0</difficult>
		<bndbox>
			<xmin>489</xmin>
			<ymin>421</ymin>
			<xmax>559</xmax>
			<ymax>593</ymax>
		</bndbox>
	</object>
</annotation>
