<annotation>
	<folder>R1</folder>
	<filename>173943447_729146227772407_7169625445646829922_n.jpg</filename>
	<path>C:\Users\james\Desktop\Folder 4\R1\173943447_729146227772407_7169625445646829922_n.jpg</path>
	<source>
		<database>Unknown</database>
	</source>
	<size>
		<width>720</width>
		<height>1280</height>
		<depth>3</depth>
	</size>
	<segmented>0</segmented>
	<object>
		<name>Can</name>
		<pose>Unspecified</pose>
		<truncated>0</truncated>
		<difficult>0</difficult>
		<bndbox>
			<xmin>347</xmin>
			<ymin>403</ymin>
			<xmax>404</xmax>
			<ymax>532</ymax>
		</bndbox>
	</object>
	<object>
		<name>Can</name>
		<pose>Unspecified</pose>
		<truncated>0</truncated>
		<difficult>0</difficult>
		<bndbox>
			<xmin>505</xmin>
			<ymin>725</ymin>
			<xmax>664</xmax>
			<ymax>903</ymax>
		</bndbox>
	</object>
</annotation>
