<annotation>
	<folder>R1</folder>
	<filename>174054956_923428788470590_1327297536345401849_n.jpg</filename>
	<path>C:\Users\james\Desktop\Folder 4\R1\174054956_923428788470590_1327297536345401849_n.jpg</path>
	<source>
		<database>Unknown</database>
	</source>
	<size>
		<width>720</width>
		<height>1280</height>
		<depth>3</depth>
	</size>
	<segmented>0</segmented>
	<object>
		<name>Can</name>
		<pose>Unspecified</pose>
		<truncated>0</truncated>
		<difficult>0</difficult>
		<bndbox>
			<xmin>565</xmin>
			<ymin>672</ymin>
			<xmax>636</xmax>
			<ymax>825</ymax>
		</bndbox>
	</object>
</annotation>
