<annotation>
	<folder>R1</folder>
	<filename>174020215_2919153438330499_5053220251324512460_n.jpg</filename>
	<path>C:\Users\james\Desktop\Folder 4\R1\174020215_2919153438330499_5053220251324512460_n.jpg</path>
	<source>
		<database>Unknown</database>
	</source>
	<size>
		<width>720</width>
		<height>1280</height>
		<depth>3</depth>
	</size>
	<segmented>0</segmented>
	<object>
		<name>Can</name>
		<pose>Unspecified</pose>
		<truncated>0</truncated>
		<difficult>0</difficult>
		<bndbox>
			<xmin>313</xmin>
			<ymin>875</ymin>
			<xmax>389</xmax>
			<ymax>1084</ymax>
		</bndbox>
	</object>
</annotation>
