<annotation>
	<folder>Batch1-R</folder>
	<filename>174013061_500630064303076_4725079486443581673_n.jpg</filename>
	<path>C:\Users\james\Desktop\Folder 4\Batch1-R\174013061_500630064303076_4725079486443581673_n.jpg</path>
	<source>
		<database>Unknown</database>
	</source>
	<size>
		<width>720</width>
		<height>1280</height>
		<depth>3</depth>
	</size>
	<segmented>0</segmented>
	<object>
		<name>Can</name>
		<pose>Unspecified</pose>
		<truncated>1</truncated>
		<difficult>0</difficult>
		<bndbox>
			<xmin>1</xmin>
			<ymin>365</ymin>
			<xmax>327</xmax>
			<ymax>905</ymax>
		</bndbox>
	</object>
</annotation>
