<annotation>
	<folder>R1</folder>
	<filename>174167880_232600475130250_5632088839006371098_n.jpg</filename>
	<path>C:\Users\james\Desktop\Folder 4\R1\174167880_232600475130250_5632088839006371098_n.jpg</path>
	<source>
		<database>Unknown</database>
	</source>
	<size>
		<width>720</width>
		<height>1280</height>
		<depth>3</depth>
	</size>
	<segmented>0</segmented>
	<object>
		<name>Can</name>
		<pose>Unspecified</pose>
		<truncated>0</truncated>
		<difficult>0</difficult>
		<bndbox>
			<xmin>351</xmin>
			<ymin>400</ymin>
			<xmax>407</xmax>
			<ymax>537</ymax>
		</bndbox>
	</object>
</annotation>
