<annotation>
	<folder>Batch 2</folder>
	<filename>174117023_766614187381200_1573014151053032765_n.jpg</filename>
	<path>C:\Users\james\Desktop\Folder 4\Batch 2\174117023_766614187381200_1573014151053032765_n.jpg</path>
	<source>
		<database>Unknown</database>
	</source>
	<size>
		<width>720</width>
		<height>1280</height>
		<depth>3</depth>
	</size>
	<segmented>0</segmented>
	<object>
		<name>Can</name>
		<pose>Unspecified</pose>
		<truncated>0</truncated>
		<difficult>0</difficult>
		<bndbox>
			<xmin>312</xmin>
			<ymin>556</ymin>
			<xmax>456</xmax>
			<ymax>652</ymax>
		</bndbox>
	</object>
</annotation>
