<annotation>
	<folder>Batch1-R</folder>
	<filename>174283189_740890889898278_641088697260715396_n.jpg</filename>
	<path>C:\Users\james\Desktop\Folder 4\Batch1-R\174283189_740890889898278_641088697260715396_n.jpg</path>
	<source>
		<database>Unknown</database>
	</source>
	<size>
		<width>720</width>
		<height>1280</height>
		<depth>3</depth>
	</size>
	<segmented>0</segmented>
	<object>
		<name>Can</name>
		<pose>Unspecified</pose>
		<truncated>0</truncated>
		<difficult>0</difficult>
		<bndbox>
			<xmin>377</xmin>
			<ymin>791</ymin>
			<xmax>599</xmax>
			<ymax>1076</ymax>
		</bndbox>
	</object>
</annotation>
