<annotation>
	<folder>R1</folder>
	<filename>174307390_157665886255831_4268897206701576273_n.jpg</filename>
	<path>C:\Users\james\Desktop\Folder 4\R1\174307390_157665886255831_4268897206701576273_n.jpg</path>
	<source>
		<database>Unknown</database>
	</source>
	<size>
		<width>720</width>
		<height>1280</height>
		<depth>3</depth>
	</size>
	<segmented>0</segmented>
	<object>
		<name>Can</name>
		<pose>Unspecified</pose>
		<truncated>0</truncated>
		<difficult>0</difficult>
		<bndbox>
			<xmin>199</xmin>
			<ymin>601</ymin>
			<xmax>273</xmax>
			<ymax>772</ymax>
		</bndbox>
	</object>
</annotation>
