<annotation>
	<folder>Batch 2</folder>
	<filename>174458499_110016571114887_9033871488376391776_n.jpg</filename>
	<path>C:\Users\james\Desktop\Folder 4\Batch 2\174458499_110016571114887_9033871488376391776_n.jpg</path>
	<source>
		<database>Unknown</database>
	</source>
	<size>
		<width>720</width>
		<height>1280</height>
		<depth>3</depth>
	</size>
	<segmented>0</segmented>
	<object>
		<name>Can</name>
		<pose>Unspecified</pose>
		<truncated>0</truncated>
		<difficult>0</difficult>
		<bndbox>
			<xmin>305</xmin>
			<ymin>663</ymin>
			<xmax>389</xmax>
			<ymax>868</ymax>
		</bndbox>
	</object>
</annotation>
