<annotation>
	<folder>R1</folder>
	<filename>174533948_1917780481714134_6989528456126188844_n.jpg</filename>
	<path>C:\Users\james\Desktop\Folder 4\R1\174533948_1917780481714134_6989528456126188844_n.jpg</path>
	<source>
		<database>Unknown</database>
	</source>
	<size>
		<width>720</width>
		<height>1280</height>
		<depth>3</depth>
	</size>
	<segmented>0</segmented>
	<object>
		<name>Can</name>
		<pose>Unspecified</pose>
		<truncated>0</truncated>
		<difficult>0</difficult>
		<bndbox>
			<xmin>145</xmin>
			<ymin>783</ymin>
			<xmax>264</xmax>
			<ymax>848</ymax>
		</bndbox>
	</object>
	<object>
		<name>Can</name>
		<pose>Unspecified</pose>
		<truncated>0</truncated>
		<difficult>0</difficult>
		<bndbox>
			<xmin>281</xmin>
			<ymin>785</ymin>
			<xmax>344</xmax>
			<ymax>844</ymax>
		</bndbox>
	</object>
	<object>
		<name>Can</name>
		<pose>Unspecified</pose>
		<truncated>0</truncated>
		<difficult>0</difficult>
		<bndbox>
			<xmin>389</xmin>
			<ymin>779</ymin>
			<xmax>440</xmax>
			<ymax>876</ymax>
		</bndbox>
	</object>
</annotation>
