<annotation>
	<folder>Caels cans 3</folder>
	<filename>20210415_115049.jpg</filename>
	<path>C:\Users\caelt\Desktop\Uni\year 2\Semester 2\EE297 - Intelligent Systems Project\Caels dataset images\Caels cans 3\20210415_115049.jpg</path>
	<source>
		<database>Unknown</database>
	</source>
	<size>
		<width>1280</width>
		<height>720</height>
		<depth>3</depth>
	</size>
	<segmented>0</segmented>
	<object>
		<name>Can</name>
		<pose>Unspecified</pose>
		<truncated>0</truncated>
		<difficult>0</difficult>
		<bndbox>
			<xmin>532</xmin>
			<ymin>202</ymin>
			<xmax>775</xmax>
			<ymax>473</ymax>
		</bndbox>
	</object>
</annotation>
