<annotation>
	<folder>Caels cans 2</folder>
	<filename>20210328_170736.jpg</filename>
	<path>C:\Users\Heather\Pictures\cans\Caels cans 2\20210328_170736.jpg</path>
	<source>
		<database>Unknown</database>
	</source>
	<size>
		<width>1280</width>
		<height>720</height>
		<depth>3</depth>
	</size>
	<segmented>0</segmented>
	<object>
		<name>Can</name>
		<pose>Unspecified</pose>
		<truncated>0</truncated>
		<difficult>0</difficult>
		<bndbox>
			<xmin>499</xmin>
			<ymin>205</ymin>
			<xmax>758</xmax>
			<ymax>466</ymax>
		</bndbox>
	</object>
</annotation>
